{
  "completed": [
    "9_2",
    "20_1",
    "25_2",
    "11_1",
    "7_1",
    "18_2",
    "18_1",
    "12_2",
    "5_1",
    "13_2",
    "7_2",
    "19_1",
    "2_2",
    "15_2",
    "24_1",
    "25_1",
    "23_1",
    "13_1",
    "8_1",
    "6_2",
    "2_1",
    "11_2",
    "22_2",
    "20_2",
    "17_1",
    "1_2",
    "19_2",
    "9_1",
    "24_2",
    "8_2",
    "22_1",
    "1_1",
    "10_1",
    "16_2",
    "21_1",
    "10_2",
    "12_1"
  ],
  "skipped": [
    "3_2",
    "14_2",
    "21_2",
    "17_2",
    "3_1",
    "14_1",
    "4_2",
    "16_1",
    "15_1",
    "5_2",
    "23_2",
    "4_1",
    "6_1"
  ],
  "results": {
    "10_1": {
      "index": 29.2865964515007,
      "foot_type": "\u0412\u044b\u0441\u043e\u043a\u043e\u0441\u0432\u043e\u0434\u0447\u0430\u0442\u0430\u044f (\u043f\u043e\u043b\u0430\u044f)",
      "threshold": 112,
      "min_area": 200000,
      "close_size": 0
    },
    "10_2": {
      "index": 34.283268991690115,
      "foot_type": "\u0412\u044b\u0441\u043e\u043a\u043e\u0441\u0432\u043e\u0434\u0447\u0430\u0442\u0430\u044f (\u043f\u043e\u043b\u0430\u044f)",
      "threshold": 85,
      "min_area": 200000,
      "close_size": 0
    },
    "11_1": {
      "index": 38.65404168955666,
      "foot_type": "\u041f\u043e\u0432\u044b\u0448\u0435\u043d\u043d\u044b\u0439 \u0441\u0432\u043e\u0434",
      "threshold": 116,
      "min_area": 200000,
      "close_size": 0
    },
    "11_2": {
      "index": 34.37460481611478,
      "foot_type": "\u0412\u044b\u0441\u043e\u043a\u043e\u0441\u0432\u043e\u0434\u0447\u0430\u0442\u0430\u044f (\u043f\u043e\u043b\u0430\u044f)",
      "threshold": 116,
      "min_area": 200000,
      "close_size": 0
    },
    "12_1": {
      "index": 35.224230725116925,
      "foot_type": "\u0412\u044b\u0441\u043e\u043a\u043e\u0441\u0432\u043e\u0434\u0447\u0430\u0442\u0430\u044f (\u043f\u043e\u043b\u0430\u044f)",
      "threshold": 116,
      "min_area": 200000,
      "close_size": 0
    },
    "12_2": {
      "index": 29.589603283173734,
      "foot_type": "\u0412\u044b\u0441\u043e\u043a\u043e\u0441\u0432\u043e\u0434\u0447\u0430\u0442\u0430\u044f (\u043f\u043e\u043b\u0430\u044f)",
      "threshold": 116,
      "min_area": 200000,
      "close_size": 0
    },
    "13_1": {
      "index": 39.60738407510379,
      "foot_type": "\u041f\u043e\u0432\u044b\u0448\u0435\u043d\u043d\u044b\u0439 \u0441\u0432\u043e\u0434",
      "threshold": 116,
      "min_area": 200000,
      "close_size": 0
    },
    "13_2": {
      "index": 40.25086891417732,
      "foot_type": "\u041f\u043e\u0432\u044b\u0448\u0435\u043d\u043d\u044b\u0439 \u0441\u0432\u043e\u0434",
      "threshold": 116,
      "min_area": 200000,
      "close_size": 0
    },
    "15_2": {
      "index": 28.947826123844564,
      "foot_type": "\u0412\u044b\u0441\u043e\u043a\u043e\u0441\u0432\u043e\u0434\u0447\u0430\u0442\u0430\u044f (\u043f\u043e\u043b\u0430\u044f)",
      "threshold": 120,
      "min_area": 200000,
      "close_size": 30
    },
    "16_2": {
      "index": 26.36941285013468,
      "foot_type": "\u0412\u044b\u0441\u043e\u043a\u043e\u0441\u0432\u043e\u0434\u0447\u0430\u0442\u0430\u044f (\u043f\u043e\u043b\u0430\u044f)",
      "threshold": 110,
      "min_area": 200000,
      "close_size": 0
    },
    "18_1": {
      "index": 39.553172232576294,
      "foot_type": "\u041f\u043e\u0432\u044b\u0448\u0435\u043d\u043d\u044b\u0439 \u0441\u0432\u043e\u0434",
      "threshold": 99,
      "min_area": 200000,
      "close_size": 0
    },
    "18_2": {
      "index": 46.13662404410392,
      "foot_type": "\u041d\u043e\u0440\u043c\u0430\u043b\u044c\u043d\u0430\u044f",
      "threshold": 99,
      "min_area": 200000,
      "close_size": 0
    },
    "19_1": {
      "index": 50.457752028565686,
      "foot_type": "\u0423\u043f\u043b\u043e\u0449\u0435\u043d\u043d\u0430\u044f",
      "threshold": 99,
      "min_area": 200000,
      "close_size": 0
    },
    "19_2": {
      "index": 46.75048467310175,
      "foot_type": "\u041d\u043e\u0440\u043c\u0430\u043b\u044c\u043d\u0430\u044f",
      "threshold": 99,
      "min_area": 200000,
      "close_size": 0
    },
    "1_1": {
      "index": 30.215872823408674,
      "foot_type": "\u0412\u044b\u0441\u043e\u043a\u043e\u0441\u0432\u043e\u0434\u0447\u0430\u0442\u0430\u044f (\u043f\u043e\u043b\u0430\u044f)",
      "threshold": 110,
      "min_area": 200000,
      "close_size": 0
    },
    "1_2": {
      "index": 51.40235910878113,
      "foot_type": "\u0423\u043f\u043b\u043e\u0449\u0435\u043d\u043d\u0430\u044f",
      "threshold": 110,
      "min_area": 200000,
      "close_size": 0
    },
    "20_1": {
      "index": 33.45621108959243,
      "foot_type": "\u0412\u044b\u0441\u043e\u043a\u043e\u0441\u0432\u043e\u0434\u0447\u0430\u0442\u0430\u044f (\u043f\u043e\u043b\u0430\u044f)",
      "threshold": 92,
      "min_area": 200000,
      "close_size": 0
    },
    "21_1": {
      "index": 28.73767143274,
      "foot_type": "\u0412\u044b\u0441\u043e\u043a\u043e\u0441\u0432\u043e\u0434\u0447\u0430\u0442\u0430\u044f (\u043f\u043e\u043b\u0430\u044f)",
      "threshold": 122,
      "min_area": 200000,
      "close_size": 30
    },
    "22_1": {
      "index": 42.49194615034218,
      "foot_type": "\u041f\u043e\u0432\u044b\u0448\u0435\u043d\u043d\u044b\u0439 \u0441\u0432\u043e\u0434",
      "threshold": 135,
      "min_area": 200000,
      "close_size": 30
    },
    "22_2": {
      "index": 45.725272794706115,
      "foot_type": "\u041d\u043e\u0440\u043c\u0430\u043b\u044c\u043d\u0430\u044f",
      "threshold": 142,
      "min_area": 200000,
      "close_size": 30
    },
    "23_1": {
      "index": 26.67560321715818,
      "foot_type": "\u0412\u044b\u0441\u043e\u043a\u043e\u0441\u0432\u043e\u0434\u0447\u0430\u0442\u0430\u044f (\u043f\u043e\u043b\u0430\u044f)",
      "threshold": 131,
      "min_area": 200000,
      "close_size": 30
    },
    "24_1": {
      "index": 37.00403512497807,
      "foot_type": "\u041f\u043e\u0432\u044b\u0448\u0435\u043d\u043d\u044b\u0439 \u0441\u0432\u043e\u0434",
      "threshold": 123,
      "min_area": 200000,
      "close_size": 11
    },
    "24_2": {
      "index": 51.459762772924265,
      "foot_type": "\u0423\u043f\u043b\u043e\u0449\u0435\u043d\u043d\u0430\u044f",
      "threshold": 123,
      "min_area": 200000,
      "close_size": 11
    },
    "25_1": {
      "index": 49.50514476055759,
      "foot_type": "\u041d\u043e\u0440\u043c\u0430\u043b\u044c\u043d\u0430\u044f",
      "threshold": 146,
      "min_area": 200000,
      "close_size": 9
    },
    "25_2": {
      "index": 60.629610515770615,
      "foot_type": "\u041f\u043b\u043e\u0441\u043a\u043e\u0441\u0442\u043e\u043f\u0438\u0435",
      "threshold": 167,
      "min_area": 200000,
      "close_size": 0
    },
    "2_2": {
      "index": 55.4848270519686,
      "foot_type": "\u0423\u043f\u043b\u043e\u0449\u0435\u043d\u043d\u0430\u044f",
      "threshold": 132,
      "min_area": 200000,
      "close_size": 0
    },
    "5_1": {
      "index": 32.571336762249246,
      "foot_type": "\u0412\u044b\u0441\u043e\u043a\u043e\u0441\u0432\u043e\u0434\u0447\u0430\u0442\u0430\u044f (\u043f\u043e\u043b\u0430\u044f)",
      "threshold": 119,
      "min_area": 200000,
      "close_size": 0
    },
    "6_2": {
      "index": 42.30149597238204,
      "foot_type": "\u041f\u043e\u0432\u044b\u0448\u0435\u043d\u043d\u044b\u0439 \u0441\u0432\u043e\u0434",
      "threshold": 115,
      "min_area": 200000,
      "close_size": 0
    },
    "7_1": {
      "index": 66.6898705854168,
      "foot_type": "\u041f\u043b\u043e\u0441\u043a\u043e\u0441\u0442\u043e\u043f\u0438\u0435",
      "threshold": 55,
      "min_area": 200000,
      "close_size": 0
    },
    "7_2": {
      "index": 48.60758963633328,
      "foot_type": "\u041d\u043e\u0440\u043c\u0430\u043b\u044c\u043d\u0430\u044f",
      "threshold": 72,
      "min_area": 200000,
      "close_size": 0
    },
    "8_1": {
      "index": 38.26333137511097,